patient_id,scna_cluster,dna_methyl_cluster,mrna_cluster,death_metastasis,BAP1_mutation,EIF1AX_mutation,SF3B1_mutation,GNAQ_mutation,GNA11_mutation,chr3_copy_number,chr8q_copy_number,isochromosome_8q,tumor_purity,tumor_ploidy,chromosome3_status,class_label,BAP1_mutation_present,EIF1AX_mutation_present,SF3B1_mutation_present,GNAQ_mutation_present,GNA11_mutation_present,age_at_diagnosis,gender,race,vital_status_gdc,days_to_death_gdc,days_to_birth,ajcc_stage,ajcc_t,eye_laterality,morphology_code,primary_diagnosis,OS,OS_time_days,DSS,DSS_time_days,DFI,DFI_time_days,PFI,PFI_time_days,age_cdr,gender_cdr
TCGA-V3-A9ZY,1,1,2,"Alive, no UM metastasis",,W70R,,,Q209L,2,2,Not Predicted,0.98,2.06,D3,Class1A,False,True,False,False,True,54,male,white,Alive,'--,-19894,Stage IIB,T3a,Right,8771/3,Epithelioid cell melanoma,0.0,459.0,0.0,459.0,,,0.0,459.0,54.0,MALE
TCGA-V4-A9EC,1,1,2,"Alive, no UM metastasis",,G9D,T663P,Q209P,,2,2,Not Predicted,1,1.99,D3,Class1A,False,True,True,True,False,75,female,white,Unknown,'--,-27655,Stage IIB,T3a,Not Reported,8772/3,"Spindle cell melanoma, NOS",0.0,743.0,0.0,743.0,,,0.0,743.0,75.0,FEMALE
TCGA-V4-A9EH,1,1,2,"Alive, no UM metastasis",,,,,Q209L,2,2,Not Predicted,0.71,2.09,D3,Class1A,False,False,False,False,True,53,male,white,Unknown,'--,-19573,Stage IIIB,T4c,Not Reported,8772/3,"Spindle cell melanoma, NOS",0.0,670.0,0.0,670.0,,,0.0,670.0,53.0,MALE
TCGA-V4-A9EY,1,1,2,"Alive, no UM metastasis",,G8R,,Q209P,,2,2,Not Predicted,0.65,2.01,D3,Class1A,False,True,False,True,False,66,female,white,Alive,'--,-24187,Stage IIIA,T4a,Right,8772/3,"Spindle cell melanoma, NOS",0.0,837.0,0.0,837.0,,,0.0,837.0,66.0,FEMALE
TCGA-V4-A9F7,1,1,1,"Alive, no UM metastasis",,G15D,,,Q209L,2,2,Not Predicted,1,2.02,D3,Class1A,False,True,False,False,True,78,female,white,Alive,'--,-28822,Stage IIB,T3a,Right,8770/3,Mixed epithelioid and spindle cell melanoma,0.0,1256.0,0.0,1256.0,,,0.0,1256.0,78.0,FEMALE
TCGA-VD-A8KE,1,1,2,"Alive, no UM metastasis",,G9R,,Q209P,,2,2,Not Predicted,0.96,2.11,D3,Class1A,False,True,False,True,False,74,female,not reported,Alive,'--,-27290,Stage IIA,T2a,Left,8770/3,Mixed epithelioid and spindle cell melanoma,0.0,821.0,0.0,821.0,,,0.0,821.0,74.0,FEMALE
TCGA-VD-A8KO,1,1,1,"Alive, no UM metastasis",,K7_G8delinsR,,Q209L,,2,2,Not Predicted,0.99,2.03,D3,Class1A,False,True,False,True,False,51,male,not reported,Alive,'--,-18844,Stage IIA,T2a,Right,8774/3,"Spindle cell melanoma, type B",0.0,795.0,0.0,795.0,,,0.0,795.0,51.0,MALE
TCGA-VD-AA8M,1,1,2,"Alive, no UM metastasis",,,,Q209P,,2,2,Not Predicted,1,1.99,D3,Class1A,False,False,False,True,False,64,male,not reported,Alive,'--,-23507,Stage IIA,T2a,Right,8770/3,Mixed epithelioid and spindle cell melanoma,0.0,6.0,0.0,6.0,,,0.0,6.0,64.0,MALE
TCGA-VD-AA8Q,1,1,2,"Death, metastatic UM",,,,Q209P,,2,2,Not Predicted,0.77,2.01,D3,Class1A,False,False,False,True,False,71,male,not reported,Dead,636,-26285,'--,'--,'--,8774/3,"Spindle cell melanoma, type B",1.0,636.0,1.0,636.0,,,0.0,636.0,71.0,MALE
TCGA-VD-AA8R,1,1,1,"Alive, no UM metastasis",,G6D,,,Q209L,2,2,Not Predicted,0.94,2,D3,Class1A,False,True,False,False,True,78,female,not reported,Alive,'--,-28841,Stage IIB,T3a,Left,8770/3,Mixed epithelioid and spindle cell melanoma,0.0,6.0,0.0,6.0,,,0.0,6.0,78.0,FEMALE
TCGA-WC-A87T,1,1,1,"Alive, no UM metastasis",,,,Q209P,,2,2,Not Predicted,0.87,1.99,D3,Class1A,False,False,False,True,False,64,male,white,Alive,'--,-23409,Stage IIB,T3a,Right,8774/3,"Spindle cell melanoma, type B",0.0,2600.0,0.0,2600.0,,,1.0,2020.0,64.0,MALE
TCGA-WC-A87U,1,1,1,"Death, other",,G15D,,Q209P,,2,2,Not Predicted,1,2.02,D3,Class1A,False,True,False,True,False,73,male,white,Dead,1581,-26933,Stage IIIA,T3b,Right,8774/3,"Spindle cell melanoma, type B",1.0,1581.0,0.0,1581.0,,,1.0,1581.0,73.0,MALE
TCGA-WC-A880,1,1,1,"Alive, no UM metastasis",,G6D,,Q209L,,2,2,Not Predicted,0.96,2.01,D3,Class1A,False,True,False,True,False,63,male,white,Alive,'--,-23325,Stage IIIA,T4a,Right,8770/3,Mixed epithelioid and spindle cell melanoma,0.0,1258.0,0.0,1258.0,,,0.0,1258.0,63.0,MALE
TCGA-WC-A884,1,1,2,"Alive, no UM metastasis",,G8R,,,Q209L,2,2,Not Predicted,0.83,2.03,D3,Class1A,False,True,False,False,True,35,female,white,Alive,'--,-12840,Stage IIIB,T4b,Left,8770/3,Mixed epithelioid and spindle cell melanoma,0.0,12.0,0.0,12.0,,,0.0,12.0,35.0,FEMALE
TCGA-YZ-A983,1,1,1,"Alive, no UM metastasis",,,,Q209P,,2,2,Not Predicted,0.94,2.02,D3,Class1A,False,False,False,True,False,51,female,white,Alive,'--,-18769,'--,'--,'--,8771/3,Epithelioid cell melanoma,0.0,798.0,0.0,798.0,,,0.0,798.0,51.0,FEMALE
TCGA-V4-A9E5,2,3,2,"Alive, no UM metastasis",,,K666T,Q209P,,2,3,Not Predicted,1,2.24,D3,Class1B,False,False,True,True,False,51,female,white,Alive,'--,-18948,Stage IIIB,T4b,Not Reported,8720/3,"Malignant melanoma, NOS",0.0,2499.0,0.0,2499.0,,,0.0,2499.0,51.0,FEMALE
TCGA-V4-A9E9,2,2,2,"Alive, no UM metastasis",,,R625H,Q209P,,2,3,Not Predicted,1,2.08,D3,Class1B,False,False,True,True,False,50,male,white,Alive,'--,-18387,Stage IIIA,T4a,Not Reported,8772/3,"Spindle cell melanoma, NOS",0.0,1246.0,0.0,1246.0,,,0.0,1246.0,50.0,MALE
TCGA-V4-A9EA,2,2,2,"Alive, no UM metastasis",,,R625C,Q209L,,2,3,Not Predicted,1,2.03,D3,Class1B,False,False,True,True,False,66,male,white,Alive,'--,-24234,Stage IIIA,T4a,Not Reported,8772/3,"Spindle cell melanoma, NOS",0.0,1348.0,0.0,1348.0,,,0.0,1348.0,66.0,MALE
TCGA-V4-A9EJ,2,1,1,"Alive, no UM metastasis",,,R625H,,Q209L,2,3,Not Predicted,0.95,2.07,D3,Class1B,False,False,True,False,True,38,male,white,Alive,'--,-13958,Stage IIB,T3a,Not Reported,8772/3,"Spindle cell melanoma, NOS",0.0,746.0,0.0,746.0,,,0.0,746.0,38.0,MALE
TCGA-V4-A9EK,2,1,1,"Alive, no UM metastasis",,,,Q209P,,2,3,Not Predicted,0.93,2.24,D3,Class1B,False,False,False,True,False,37,female,white,Alive,'--,-13731,Stage IIB,T3a,Not Reported,8772/3,"Spindle cell melanoma, NOS",0.0,1028.0,0.0,1028.0,,,0.0,1028.0,37.0,FEMALE
TCGA-V4-A9EM,2,3,2,"Alive, no UM metastasis",,,,Q209L,,2,4,Not Predicted,0.97,2.19,D3,Class1B,False,False,False,True,False,53,male,white,Alive,'--,-19413,Stage IIIA,T4a,Not Reported,8771/3,Epithelioid cell melanoma,0.0,966.0,0.0,966.0,,,0.0,966.0,53.0,MALE
TCGA-V4-A9ET,2,2,2,"Alive, no UM metastasis",,,,,Q209L,2,4,Not Predicted,1,2.09,D3,Class1B,False,False,False,False,True,57,male,white,Dead,2357,-21113,Stage IIIB,T4b,Right,8770/3,Mixed epithelioid and spindle cell melanoma,0.0,1362.0,0.0,1362.0,,,0.0,1362.0,57.0,MALE
TCGA-V4-A9EW,2,3,1,"Alive, with UM metastasis",,,R625C,Q209P,,2,2,Not Predicted,0.74,2.03,D3,Class1B,False,False,True,True,False,44,female,white,Dead,1585,-16140,Stage IIIA,T4a,Left,8770/3,Mixed epithelioid and spindle cell melanoma,0.0,1211.0,0.0,1211.0,,,1.0,197.0,44.0,FEMALE
TCGA-V4-A9EZ,2,1,2,"Alive, no UM metastasis",,,R625H,Q209P,,2,3,Not Predicted,0.96,1.88,D3,Class1B,False,False,True,True,False,78,female,white,Dead,2360,-28619,Stage IIB,T3a,Right,8770/3,Mixed epithelioid and spindle cell melanoma,0.0,599.0,0.0,599.0,,,0.0,599.0,78.0,FEMALE
TCGA-V4-A9F2,2,3,2,"Alive, no UM metastasis",,,,Q209L,,2,3,Not Predicted,0.9,2.37,D3,Class1B,False,False,False,True,False,78,female,white,Alive,'--,-28832,Stage IIIA,T3b,Right,8772/3,"Spindle cell melanoma, NOS",0.0,734.0,0.0,734.0,,,0.0,734.0,78.0,FEMALE
TCGA-V4-A9F4,2,2,1,"Alive, no UM metastasis",,,R625H,Q209P,,2,3,Not Predicted,0.91,2.07,D3,Class1B,False,False,True,True,False,41,male,white,Alive,'--,-15332,Stage IIIA,T4a,Right,8770/3,Mixed epithelioid and spindle cell melanoma,0.0,634.0,0.0,634.0,,,0.0,634.0,41.0,MALE
TCGA-VD-A8K7,2,1,1,"Alive, no UM metastasis",,,,Q209L,,2,2,Not Predicted,1,2.05,D3,Class1B,False,False,False,True,False,39,male,not reported,Alive,'--,-14294,Stage IIIA,T4a,Left,8772/3,"Spindle cell melanoma, NOS",0.0,1459.0,0.0,1459.0,,,0.0,1459.0,39.0,MALE
TCGA-VD-A8K9,2,2,1,"Alive, no UM metastasis",,,R625C,Q209P,,2,3,Not Predicted,0.99,2.14,D3,Class1B,False,False,True,True,False,71,female,not reported,Alive,'--,-26292,Stage IIA,T2a,Left,8774/3,"Spindle cell melanoma, type B",0.0,1424.0,0.0,1424.0,,,0.0,1424.0,71.0,FEMALE
TCGA-VD-A8KA,2,2,1,"Alive, with UM metastasis",,,R625C,,Q209L,2,3,Not Predicted,1,2.05,D3,Class1B,False,False,True,False,True,22,male,not reported,Alive,'--,-8271,Stage IIB,T3a,Right,8770/3,Mixed epithelioid and spindle cell melanoma,0.0,1178.0,0.0,1178.0,,,1.0,1008.0,22.0,MALE
TCGA-VD-A8KB,2,2,2,"Alive, no UM metastasis",,,R625C,Q209P,,2,4,Not Predicted,0.99,2.06,D3,Class1B,False,False,True,True,False,66,female,not reported,Alive,'--,-24393,'--,'--,'--,8700/3,"Pheochromocytoma, malignant",0.0,1354.0,0.0,1354.0,,,1.0,1032.0,66.0,FEMALE
TCGA-VD-A8KG,2,1,2,"Alive, no UM metastasis",,,,,Q209L,2,4,Not Predicted,0.93,2.17,D3,Class1B,False,False,False,False,True,47,female,not reported,Alive,'--,-17417,Stage IIA,T2a,Right,8774/3,"Spindle cell melanoma, type B",0.0,19.0,0.0,19.0,,,0.0,19.0,47.0,FEMALE
TCGA-VD-A8KJ,2,2,1,"Alive, no UM metastasis",,,,,,2,4,Not Predicted,0.99,2.17,D3,Class1B,False,False,False,False,False,53,male,not reported,Alive,'--,-19562,Stage IIB,T3a,Left,8770/3,Mixed epithelioid and spindle cell melanoma,0.0,1150.0,0.0,1150.0,,,0.0,1150.0,53.0,MALE
TCGA-VD-AA8S,2,1,2,"Alive, no UM metastasis",,,,Q209P,,2,3,Not Predicted,0.93,2.31,D3,Class1B,False,False,False,True,False,40,male,not reported,Alive,'--,-14681,Stage IIA,T2a,Right,8772/3,"Spindle cell melanoma, NOS",0.0,427.0,0.0,427.0,,,0.0,427.0,40.0,MALE
TCGA-WC-A87W,2,3,1,"Alive, no UM metastasis",,,,,Q209L,2,2,Not Predicted,0.98,1.93,D3,Class1B,False,False,False,False,True,57,female,white,Alive,'--,-20872,Stage IIA,T2a,Left,8772/3,"Spindle cell melanoma, NOS",0.0,1703.0,0.0,1703.0,,,1.0,606.0,57.0,FEMALE
TCGA-WC-A881,2,2,1,"Alive, no UM metastasis",,,H662R,,Q209L,2,5,Not Predicted,0.98,2.02,D3,Class1B,False,False,True,False,True,75,male,white,Alive,'--,-27443,'--,'--,'--,Not Reported,Not Reported,0.0,1065.0,0.0,1065.0,,,0.0,1065.0,75.0,MALE
TCGA-WC-A885,2,2,2,"Alive, no UM metastasis",,,R625H,Q209P,,2,3,Not Predicted,0.94,2.06,D3,Class1B,False,False,True,True,False,60,male,white,Alive,'--,-21978,Stage IIA,T2a,Right,8772/3,"Spindle cell melanoma, NOS",0.0,686.0,0.0,686.0,,,0.0,686.0,60.0,MALE
TCGA-WC-AA9E,2,2,1,"Alive, no UM metastasis",,,R625H,Q209L,R166H,2,3,Not Predicted,0.97,1.98,D3,Class1B,False,False,True,True,True,60,male,white,Alive,'--,-21976,Stage IIA,T2a,Left,8774/3,"Spindle cell melanoma, type B",0.0,838.0,0.0,838.0,,,0.0,838.0,60.0,MALE
TCGA-YZ-A982,2,1,2,"Death, other",,,,,,3,4,Not Predicted,0.97,3.23,D3,Class1B,False,False,False,False,False,79,female,white,Alive,'--,-28938,Stage IIIB,T4b,Right,8772/3,"Spindle cell melanoma, NOS",0.0,495.0,0.0,495.0,,,0.0,495.0,79.0,FEMALE
TCGA-V4-A9E8,3,4,3,"Death, metastatic UM",frameshift_variant,,,,Q209L,1,3,Not Predicted,0.84,2.14,M3,Class2_A,True,False,False,False,True,49,male,white,Dead,808,-18073,'--,'--,'--,8771/3,Epithelioid cell melanoma,1.0,808.0,1.0,808.0,,,1.0,557.0,49.0,MALE
TCGA-V4-A9ED,3,4,3,"Alive, no UM metastasis",splicing_variant,,,,,1,2,Not Predicted,0.92,1.93,M3,Class2_A,True,False,False,False,False,45,male,white,Alive,'--,-16528,Stage IIIA,T3b,Not Reported,8772/3,"Spindle cell melanoma, NOS",0.0,1078.0,0.0,1078.0,,,0.0,1078.0,45.0,MALE
TCGA-V4-A9EF,3,4,3,"Alive, no UM metastasis",nonsense,,,,Q209L,1,4,Predicted,0.97,2,M3,Class2_A,True,False,False,False,True,56,male,white,Alive,'--,-20763,Stage IIIB,T4b,Not Reported,8772/3,"Spindle cell melanoma, NOS",0.0,1165.0,0.0,1165.0,,,0.0,1165.0,56.0,MALE
TCGA-V4-A9EO,3,4,1,"Alive, no UM metastasis",splicing_variant,,,Q209P,,"2, LOH",5,Predicted,0.98,3.36,M3,Class2_A,True,False,False,True,False,74,male,white,Dead,1841,-27190,Stage IIIA,T4a,Not Reported,8770/3,Mixed epithelioid and spindle cell melanoma,0.0,773.0,0.0,773.0,,,0.0,773.0,74.0,MALE
TCGA-V4-A9EQ,3,4,3,"Death, metastatic UM",,,,,Q209L,1,3,Not Predicted,0.99,1.94,M3,Class2_A,False,False,False,False,True,64,male,white,Dead,455,-23408,Stage IIIA,T4a,Right,8770/3,Mixed epithelioid and spindle cell melanoma,1.0,455.0,1.0,455.0,,,1.0,252.0,64.0,MALE
TCGA-V4-A9ES,3,4,1,"Alive, with UM metastasis",,,R625H,R183Q,,1,2,Not Predicted,1,1.85,M3,Class2_A,False,False,True,True,False,54,female,white,Dead,3255,-20054,'--,'--,'--,8770/3,Mixed epithelioid and spindle cell melanoma,0.0,1511.0,0.0,1511.0,,,1.0,1299.0,54.0,FEMALE
TCGA-V4-A9F0,3,4,4,"Death, metastatic UM",frameshift_variant,,,Q209L,,1,3,Not Predicted,0.82,1.94,M3,Class2_A,True,False,False,True,False,59,male,white,Dead,945,-21675,Stage IIIB,T4b,Left,8770/3,Mixed epithelioid and spindle cell melanoma,1.0,945.0,1.0,945.0,,,1.0,489.0,59.0,MALE
TCGA-V4-A9F8,3,4,3,"Alive, no UM metastasis",splicing_variant,,,Q209P,,1,4,Not Predicted,1,2.04,M3,Class2_A,True,False,False,True,False,68,male,white,Dead,1014,-25168,Stage IIIA,T4a,Right,8770/3,Mixed epithelioid and spindle cell melanoma,0.0,597.0,0.0,597.0,,,0.0,597.0,68.0,MALE
TCGA-VD-A8KD,3,4,4,"Death, metastatic UM",splicing_variant,,,,,1,3,Not Predicted,0.83,1.97,M3,Class2_A,True,False,False,False,False,72,male,not reported,Dead,114,-26457,'--,'--,'--,8770/3,Mixed epithelioid and spindle cell melanoma,1.0,114.0,1.0,114.0,,,1.0,,72.0,MALE
TCGA-VD-A8KF,3,4,4,"Death, metastatic UM",,,,,Q209L,1,3,Predicted,1,2.01,M3,Class2_A,False,False,False,False,True,68,male,not reported,Dead,40,-25066,Stage IIIB,T4b,Right,8770/3,Mixed epithelioid and spindle cell melanoma,1.0,40.0,1.0,40.0,,,1.0,40.0,68.0,MALE
TCGA-VD-A8KH,3,4,1,"Alive, no UM metastasis",,,R625H,,Q209L,1,3,Not Predicted,0.95,1.9,M3,Class2_A,False,False,True,False,True,69,male,not reported,Alive,'--,-25388,Stage IIIB,T4b,Left,8770/3,Mixed epithelioid and spindle cell melanoma,0.0,1158.0,0.0,1158.0,,,0.0,1158.0,69.0,MALE
TCGA-VD-A8KK,3,4,3,"Alive, no UM metastasis",frameshift_variant,,,Q209P,,1,3,Not Predicted,0.97,1.96,M3,Class2_A,True,False,False,True,False,54,male,not reported,Alive,'--,-19958,Stage IIIA,T4a,Left,8774/3,"Spindle cell melanoma, type B",0.0,64.0,0.0,64.0,,,0.0,64.0,54.0,MALE
TCGA-VD-A8KL,3,4,3,"Alive, no UM metastasis",frameshift_variant,,,,Q209L,"2, LOH",5,Not Predicted,0.98,3.33,M3,Class2_A,True,False,False,False,True,77,female,not reported,Alive,'--,-28450,Stage IIB,T3a,Left,8770/3,Mixed epithelioid and spindle cell melanoma,0.0,638.0,0.0,638.0,,,0.0,638.0,77.0,FEMALE
TCGA-VD-AA8O,3,4,3,"Death, metastatic UM",homozygous_deletion,,,,,"2, LOH",4,Not Predicted,0.9,2.85,M3,Class2_A,True,False,False,False,False,77,male,not reported,Dead,606,-28250,Stage IIB,T3a,Left,8770/3,Mixed epithelioid and spindle cell melanoma,1.0,606.0,1.0,606.0,,,1.0,606.0,77.0,MALE
TCGA-VD-AA8P,3,4,3,"Alive, no UM metastasis",splicing_variant,,,,Q209L,1,3,Not Predicted,1,1.96,M3,Class2_A,True,False,False,False,True,64,female,not reported,Alive,'--,-23555,Stage IIB,T3a,Right,8774/3,"Spindle cell melanoma, type B",0.0,86.0,0.0,86.0,,,0.0,86.0,64.0,FEMALE
TCGA-VD-AA8T,3,4,4,"Alive, no UM metastasis",frameshift_variant,,,,Q209L,1,3,Not Predicted,0.98,1.94,M3,Class2_A,True,False,False,False,True,83,female,not reported,Alive,'--,-30475,Stage IIA,T2a,Left,8772/3,"Spindle cell melanoma, NOS",0.0,49.0,0.0,49.0,,,0.0,49.0,83.0,FEMALE
TCGA-WC-A882,3,4,2,"Alive, no UM metastasis",,,,,Q209L,1,3,Not Predicted,0.88,1.9,M3,Class2_A,False,False,False,False,True,50,female,white,Alive,'--,-18612,Stage IIB,T2b,Right,8772/3,"Spindle cell melanoma, NOS",0.0,1112.0,0.0,1112.0,,,0.0,1112.0,50.0,FEMALE
TCGA-WC-A888,3,4,4,"Death, unknown",frameshift_variant,,,,Q209L,"2, Subclonal LOH",3,Not Predicted,1,2.04,M3,Class2_A,True,False,False,False,True,76,male,white,Dead,575,-28117,Stage IIB,T3a,Right,8770/3,Mixed epithelioid and spindle cell melanoma,1.0,575.0,0.0,575.0,,,0.0,575.0,76.0,MALE
TCGA-WC-AA9A,3,4,4,"Death, metastatic UM",missense_variant,,K666T,,Q209L,1,3,Not Predicted,1,1.92,M3,Class2_A,True,False,True,False,True,70,female,white,Dead,453,-25641,Stage IIA,T2a,Right,8772/3,"Spindle cell melanoma, NOS",1.0,453.0,1.0,453.0,,,1.0,371.0,70.0,FEMALE
TCGA-YZ-A980,3,4,4,"Alive, no UM metastasis",frameshift_variant,,,,Q209L,1,3,Predicted,0.46,1.95,M3,Class2_A,True,False,False,False,True,75,male,white,Alive,'--,-27716,'--,'--,'--,Not Reported,Not Reported,0.0,1862.0,0.0,1862.0,,,1.0,1556.0,75.0,MALE
TCGA-YZ-A984,3,4,3,"Death, metastatic UM",frameshift_variant,,,,,"2, LOH",4,Not Predicted,0.93,3.32,M3,Class2_A,True,False,False,False,False,50,female,white,Dead,1396,-18342,'--,'--,'--,8770/3,Mixed epithelioid and spindle cell melanoma,1.0,1396.0,1.0,1396.0,,,1.0,154.0,50.0,FEMALE
TCGA-YZ-A985,3,4,3,"Alive, no UM metastasis",inframe_deletion,,R625C,R183Q,R183C,1,2,Not Predicted,0.99,1.93,M3,Class2_A,True,False,True,True,True,41,female,white,Alive,'--,-15164,Stage IIIA,T4a,Right,8772/3,"Spindle cell melanoma, NOS",0.0,1184.0,0.0,1184.0,,,0.0,1184.0,41.0,FEMALE
TCGA-RZ-AB0B,4,4,4,"Death, metastatic UM",splicing_variant,,,,Q209L,1,7,Predicted,0.93,2.08,M3,Class2_B,True,False,False,False,True,47,female,white,Dead,149,-17514,Stage IV,T4b,Right,8770/3,Mixed epithelioid and spindle cell melanoma,1.0,149.0,1.0,149.0,,,0.0,149.0,47.0,FEMALE
TCGA-V3-A9ZX,4,4,4,"Alive, with UM metastasis",splicing_variant,,,,Q209L,1,7,Predicted,0.83,2.04,M3,Class2_B,True,False,False,False,True,56,male,white,Alive,'--,-20539,Stage IIB,T2b,Left,8770/3,Mixed epithelioid and spindle cell melanoma,0.0,470.0,0.0,470.0,,,1.0,233.0,56.0,MALE
TCGA-V4-A9E7,4,4,3,"Death, metastatic UM",splicing_variant,,,Q209L,,1,5,Predicted,1,1.89,M3,Class2_B,True,False,False,True,False,76,male,white,Dead,415,-28025,'--,'--,'--,8771/3,Epithelioid cell melanoma,1.0,415.0,1.0,415.0,,,1.0,35.0,76.0,MALE
TCGA-V4-A9EE,4,4,4,"Death, metastatic UM",splicing_variant,,,Q209P,,1,5,Predicted,0.92,1.98,M3,Class2_B,True,False,False,True,False,86,male,white,Dead,398,-31421,Stage IIB,T3a,Not Reported,8771/3,Epithelioid cell melanoma,1.0,398.0,1.0,398.0,,,1.0,211.0,86.0,MALE
TCGA-V4-A9EI,4,4,4,"Death, metastatic UM",frameshift_variant,,,,Q209L,1,8,Predicted,0.93,2.18,M3,Class2_B,True,False,False,False,True,78,male,white,Dead,389,-28562,'--,'--,'--,8771/3,Epithelioid cell melanoma,1.0,389.0,1.0,389.0,,,1.0,203.0,78.0,MALE
TCGA-V4-A9EL,4,4,4,"Alive, with UM metastasis",nonsense,,,Q209L,,1,7,Predicted,0.86,2.04,M3,Class2_B,True,False,False,True,False,60,male,white,Dead,1241,-22150,Stage IIIA,T4a,Not Reported,8771/3,Epithelioid cell melanoma,0.0,982.0,0.0,982.0,,,1.0,413.0,60.0,MALE
TCGA-V4-A9EU,4,4,4,"Alive, no UM metastasis",nonsense,,,,Q209L,1,6,Predicted,0.97,2.06,M3,Class2_B,True,False,False,False,True,83,female,white,Dead,796,-30409,Stage IIIC,T4d,Left,8771/3,Epithelioid cell melanoma,0.0,709.0,0.0,709.0,,,1.0,86.0,83.0,FEMALE
TCGA-V4-A9EV,4,4,4,"Death, metastatic UM",frameshift_variant,,,,Q209L,1,5,Predicted,0.75,2.04,M3,Class2_B,True,False,False,False,True,59,female,white,Dead,1269,-21855,Stage IIIA,T4a,Right,8770/3,Mixed epithelioid and spindle cell melanoma,1.0,1269.0,1.0,1269.0,,,1.0,1269.0,59.0,FEMALE
TCGA-V4-A9EX,4,4,4,"Death, metastatic UM",nonsense,,,Q209P,,1,6,Predicted,0.93,2.09,M3,Class2_B,True,False,False,True,False,55,female,white,Dead,730,-20447,'--,'--,'--,8771/3,Epithelioid cell melanoma,1.0,730.0,1.0,730.0,,,1.0,381.0,55.0,FEMALE
TCGA-V4-A9F1,4,4,4,"Alive, no UM metastasis",nonsense,,,Q209P,,1,5,Predicted,0.89,1.95,M3,Class2_B,True,False,False,True,False,46,female,white,Dead,1850,-16852,Stage IIB,T3a,Right,8771/3,Epithelioid cell melanoma,0.0,938.0,0.0,938.0,,,0.0,938.0,46.0,FEMALE
TCGA-V4-A9F3,4,4,4,"Death, metastatic UM",frameshift_variant,,,,Q209L,1,5,Predicted,0.72,1.99,M3,Class2_B,True,False,False,False,True,49,female,white,Dead,873,-17997,'--,'--,'--,8771/3,Epithelioid cell melanoma,1.0,873.0,1.0,873.0,,,1.0,329.0,49.0,FEMALE
TCGA-V4-A9F5,4,4,3,"Alive, with UM metastasis",frameshift_variant,,,,Q209L,1,4,Predicted,1,1.91,M3,Class2_B,True,False,False,False,True,85,female,white,Dead,203,-31314,'--,'--,'--,8770/3,Mixed epithelioid and spindle cell melanoma,0.0,203.0,0.0,203.0,,,1.0,78.0,85.0,FEMALE
TCGA-VD-A8K8,4,4,4,"Death, metastatic UM",frameshift_variant,,,,Q209L,1,5,Predicted,0.93,2.02,M3,Class2_B,True,False,False,False,True,56,female,not reported,Dead,1377,-20454,Stage IIB,T3a,Left,8770/3,Mixed epithelioid and spindle cell melanoma,1.0,1377.0,1.0,1377.0,,,1.0,1377.0,56.0,FEMALE
TCGA-VD-A8KI,4,4,3,"Death, metastatic UM",splicing_variant,,,G48L,,1,5,Predicted,0.95,2.03,M3,Class2_B,True,False,False,True,False,68,male,not reported,Dead,1113,-24966,'--,'--,'--,8770/3,Mixed epithelioid and spindle cell melanoma,1.0,1113.0,1.0,1113.0,,,1.0,1113.0,68.0,MALE
TCGA-VD-A8KM,4,4,4,"Alive, no UM metastasis",,,,Q209P,,1,3,Predicted,0.46,2.04,M3,Class2_B,False,False,False,True,False,65,male,not reported,Alive,'--,-24047,Stage IIB,T3a,Left,8770/3,Mixed epithelioid and spindle cell melanoma,0.0,4.0,0.0,4.0,,,0.0,4.0,65.0,MALE
TCGA-VD-A8KN,4,4,4,"Alive, no UM metastasis",frameshift_variant,,,Q209P,,1,4,Predicted,0.91,2,M3,Class2_B,True,False,False,True,False,60,female,not reported,Alive,'--,-21935,Stage IIA,T2a,Left,8770/3,Mixed epithelioid and spindle cell melanoma,0.0,68.0,0.0,68.0,,,0.0,68.0,60.0,FEMALE
TCGA-VD-AA8N,4,4,3,"Alive, no UM metastasis",splicing_variant,,,,Q209L,1,4,Predicted,0.82,1.92,M3,Class2_B,True,False,False,False,True,86,male,not reported,Alive,'--,-31475,Stage IIB,T3a,Right,8770/3,Mixed epithelioid and spindle cell melanoma,0.0,44.0,0.0,44.0,,,0.0,44.0,86.0,MALE
TCGA-WC-A87Y,4,4,4,"Death, metastatic UM",splicing_variant,,,,Q209L,1,4,Predicted,0.7,2,M3,Class2_B,True,False,False,False,True,59,male,white,Dead,1314,-21865,'--,T3,Right,8770/3,Mixed epithelioid and spindle cell melanoma,1.0,1314.0,1.0,1314.0,,,0.0,1314.0,59.0,MALE
TCGA-WC-A883,4,4,4,"Death, unknown",,,,Q209P,,1,6,Predicted,0.92,2.07,M3,Class2_B,False,False,False,True,False,76,female,white,Dead,241,-27953,Stage IIIA,T3c,Right,8770/3,Mixed epithelioid and spindle cell melanoma,1.0,241.0,1.0,241.0,,,1.0,241.0,76.0,FEMALE
TCGA-WC-A88A,4,4,4,"Death, metastatic UM",frameshift_variant,,,,Q209L,1,4,Predicted,0.94,2.04,M3,Class2_B,True,False,False,False,True,75,male,white,Dead,82,-27722,Stage IV,T4d,Right,8770/3,Mixed epithelioid and spindle cell melanoma,1.0,82.0,1.0,82.0,,,1.0,82.0,75.0,MALE
