Patient ID,SCNA Cluster No.,DNA Methyl Cluster No.,mRNA Cluster No.,Death/ Metastasis,BAP1,EIF1AX,SF3B1,GNAQ,GNA11
TCGA-V3-A9ZY,1,1,2,"Alive, no UM metastasis",,W70R,,,Q209L
TCGA-V4-A9EC,1,1,2,"Alive, no UM metastasis",,G9D,T663P,Q209P,
TCGA-V4-A9EH,1,1,2,"Alive, no UM metastasis",,,,,Q209L
TCGA-V4-A9EY,1,1,2,"Alive, no UM metastasis",,G8R,,Q209P,
TCGA-V4-A9F7,1,1,1,"Alive, no UM metastasis",,G15D,,,Q209L
TCGA-VD-A8KE,1,1,2,"Alive, no UM metastasis",,G9R,,Q209P,
TCGA-VD-A8KO,1,1,1,"Alive, no UM metastasis",,K7_G8delinsR,,Q209L,
TCGA-VD-AA8M,1,1,2,"Alive, no UM metastasis",,,,Q209P,
TCGA-VD-AA8Q,1,1,2,"Death, metastatic UM",,,,Q209P,
TCGA-VD-AA8R,1,1,1,"Alive, no UM metastasis",,G6D,,,Q209L
TCGA-WC-A87T,1,1,1,"Alive, no UM metastasis",,,,Q209P,
TCGA-WC-A87U,1,1,1,"Death, other",,G15D,,Q209P,
TCGA-WC-A880,1,1,1,"Alive, no UM metastasis",,G6D,,Q209L,
TCGA-WC-A884,1,1,2,"Alive, no UM metastasis",,G8R,,,Q209L
TCGA-YZ-A983,1,1,1,"Alive, no UM metastasis",,,,Q209P,
TCGA-V4-A9E5,2,3,2,"Alive, no UM metastasis",,,K666T,Q209P,
TCGA-V4-A9E9,2,2,2,"Alive, no UM metastasis",,,R625H,Q209P,
TCGA-V4-A9EA,2,2,2,"Alive, no UM metastasis",,,R625C,Q209L,
TCGA-V4-A9EJ,2,1,1,"Alive, no UM metastasis",,,R625H,,Q209L
TCGA-V4-A9EK,2,1,1,"Alive, no UM metastasis",,,,Q209P,
TCGA-V4-A9EM,2,3,2,"Alive, no UM metastasis",,,,Q209L,
TCGA-V4-A9ET,2,2,2,"Alive, no UM metastasis",,,,,Q209L
TCGA-V4-A9EW,2,3,1,"Alive, with UM metastasis",,,R625C,Q209P,
TCGA-V4-A9EZ,2,1,2,"Alive, no UM metastasis",,,R625H,Q209P,
TCGA-V4-A9F2,2,3,2,"Alive, no UM metastasis",,,,Q209L,
TCGA-V4-A9F4,2,2,1,"Alive, no UM metastasis",,,R625H,Q209P,
TCGA-VD-A8K7,2,1,1,"Alive, no UM metastasis",,,,Q209L,
TCGA-VD-A8K9,2,2,1,"Alive, no UM metastasis",,,R625C,Q209P,
TCGA-VD-A8KA,2,2,1,"Alive, with UM metastasis",,,R625C,,Q209L
TCGA-VD-A8KB,2,2,2,"Alive, no UM metastasis",,,R625C,Q209P,
TCGA-VD-A8KG,2,1,2,"Alive, no UM metastasis",,,,,Q209L
TCGA-VD-A8KJ,2,2,1,"Alive, no UM metastasis",,,,,
TCGA-VD-AA8S,2,1,2,"Alive, no UM metastasis",,,,Q209P,
TCGA-WC-A87W,2,3,1,"Alive, no UM metastasis",,,,,Q209L
TCGA-WC-A881,2,2,1,"Alive, no UM metastasis",,,H662R,,Q209L
TCGA-WC-A885,2,2,2,"Alive, no UM metastasis",,,R625H,Q209P,
TCGA-WC-AA9E,2,2,1,"Alive, no UM metastasis",,,R625H,Q209L,R166H
TCGA-YZ-A982,2,1,2,"Death, other",,,,,
TCGA-V4-A9E8,3,4,3,"Death, metastatic UM",frameshift_variant,,,,Q209L
TCGA-V4-A9ED,3,4,3,"Alive, no UM metastasis",splicing_variant,,,,
TCGA-V4-A9EF,3,4,3,"Alive, no UM metastasis",nonsense,,,,Q209L
TCGA-V4-A9EO,3,4,1,"Alive, no UM metastasis",splicing_variant,,,Q209P,
TCGA-V4-A9EQ,3,4,3,"Death, metastatic UM",,,,,Q209L
TCGA-V4-A9ES,3,4,1,"Alive, with UM metastasis",,,R625H,R183Q,
TCGA-V4-A9F0,3,4,4,"Death, metastatic UM",frameshift_variant,,,Q209L,
TCGA-V4-A9F8,3,4,3,"Alive, no UM metastasis",splicing_variant,,,Q209P,
TCGA-VD-A8KD,3,4,4,"Death, metastatic UM",splicing_variant,,,,
TCGA-VD-A8KF,3,4,4,"Death, metastatic UM",,,,,Q209L
TCGA-VD-A8KH,3,4,1,"Alive, no UM metastasis",,,R625H,,Q209L
TCGA-VD-A8KK,3,4,3,"Alive, no UM metastasis",frameshift_variant,,,Q209P,
TCGA-VD-A8KL,3,4,3,"Alive, no UM metastasis",frameshift_variant,,,,Q209L
TCGA-VD-AA8O,3,4,3,"Death, metastatic UM",homozygous_deletion,,,,
TCGA-VD-AA8P,3,4,3,"Alive, no UM metastasis",splicing_variant,,,,Q209L
TCGA-VD-AA8T,3,4,4,"Alive, no UM metastasis",frameshift_variant,,,,Q209L
TCGA-WC-A882,3,4,2,"Alive, no UM metastasis",,,,,Q209L
TCGA-WC-A888,3,4,4,"Death, unknown",frameshift_variant,,,,Q209L
TCGA-WC-AA9A,3,4,4,"Death, metastatic UM",missense_variant,,K666T,,Q209L
TCGA-YZ-A980,3,4,4,"Alive, no UM metastasis",frameshift_variant,,,,Q209L
TCGA-YZ-A984,3,4,3,"Death, metastatic UM",frameshift_variant,,,,
TCGA-YZ-A985,3,4,3,"Alive, no UM metastasis",inframe_deletion,,R625C,R183Q,R183C
TCGA-RZ-AB0B,4,4,4,"Death, metastatic UM",splicing_variant,,,,Q209L
TCGA-V3-A9ZX,4,4,4,"Alive, with UM metastasis",splicing_variant,,,,Q209L
TCGA-V4-A9E7,4,4,3,"Death, metastatic UM",splicing_variant,,,Q209L,
TCGA-V4-A9EE,4,4,4,"Death, metastatic UM",splicing_variant,,,Q209P,
TCGA-V4-A9EI,4,4,4,"Death, metastatic UM",frameshift_variant,,,,Q209L
TCGA-V4-A9EL,4,4,4,"Alive, with UM metastasis",nonsense,,,Q209L,
TCGA-V4-A9EU,4,4,4,"Alive, no UM metastasis",nonsense,,,,Q209L
TCGA-V4-A9EV,4,4,4,"Death, metastatic UM",frameshift_variant,,,,Q209L
TCGA-V4-A9EX,4,4,4,"Death, metastatic UM",nonsense,,,Q209P,
TCGA-V4-A9F1,4,4,4,"Alive, no UM metastasis",nonsense,,,Q209P,
TCGA-V4-A9F3,4,4,4,"Death, metastatic UM",frameshift_variant,,,,Q209L
TCGA-V4-A9F5,4,4,3,"Alive, with UM metastasis",frameshift_variant,,,,Q209L
TCGA-VD-A8K8,4,4,4,"Death, metastatic UM",frameshift_variant,,,,Q209L
TCGA-VD-A8KI,4,4,3,"Death, metastatic UM",splicing_variant,,,G48L,
TCGA-VD-A8KM,4,4,4,"Alive, no UM metastasis",,,,Q209P,
TCGA-VD-A8KN,4,4,4,"Alive, no UM metastasis",frameshift_variant,,,Q209P,
TCGA-VD-AA8N,4,4,3,"Alive, no UM metastasis",splicing_variant,,,,Q209L
TCGA-WC-A87Y,4,4,4,"Death, metastatic UM",splicing_variant,,,,Q209L
TCGA-WC-A883,4,4,4,"Death, unknown",,,,Q209P,
TCGA-WC-A88A,4,4,4,"Death, metastatic UM",frameshift_variant,,,,Q209L
